louvain_cluster,count,top_gt_class,n_gt_classes
727,46,brass,5
448,44,colobus,12
144,38,clog,5
497,37,long-horned_beetle,6
784,37,ear,2
43,37,indigo_bunting,6
588,37,pitcher,7
515,36,admiral,9
424,35,ladle,7
251,35,American_egret,5
253,34,poncho,10
480,34,red_fox,5
186,33,barn_spider,8
327,33,Gordon_setter,13
320,33,espresso_maker,6
185,33,black_and_gold_garden_spider,4
196,32,lorikeet,8
168,32,rock_python,4
227,32,flatworm,5
90,32,leatherback_turtle,9
236,32,English_foxhound,11
191,32,Crock_Pot,8
781,32,wardrobe,11
87,31,black_grouse,13
687,31,whistle,7
288,31,Leonberg,12
483,31,gazelle,3
594,31,hoopskirt,21
356,30,soft-coated_wheaten_terrier,9
602,30,analog_clock,21
391,30,hog,5
64,30,European_fire_salamander,6
54,30,home_theater,5
519,30,ballpoint,10
663,29,quilt,3
184,29,plane,4
140,29,hognose_snake,6
702,29,park_bench,8
309,29,bloodhound,5
517,28,nipple,2
255,28,grand_piano,8
590,28,amphibian,5
488,28,tiger_cat,7
170,28,flatworm,9
469,27,red_wolf,13
9,27,sea_slug,7
72,27,whiptail,6
653,27,packet,11
436,27,American_chameleon,13
60,27,espresso_maker,4
678,27,swab,4
75,27,whiptail,19
335,26,redbone,7
377,26,Lakeland_terrier,5
246,26,Dungeness_crab,4
319,26,black-and-tan_coonhound,11
375,26,Egyptian_cat,10
63,26,langur,15
407,25,bath_towel,11
4,25,bakery,10
74,25,American_chameleon,4
449,25,schipperke,14
148,25,garter_snake,8
62,25,colobus,9
754,25,mushroom,8
139,25,night_snake,3
154,25,wok,13
197,25,redshank,7
22,24,snorkel,6
65,24,catamaran,12
143,24,rock_python,6
520,24,meat_loaf,7
604,24,shopping_basket,22
364,24,letter_opener,7
97,24,night_snake,8
661,24,pencil_box,9
439,24,Norfolk_terrier,10
468,24,Eskimo_dog,3
559,24,patas,7
770,23,red_wine,7
361,23,tray,13
67,23,banded_gecko,8
18,23,stingray,19
457,23,black-and-tan_coonhound,5
482,23,red_fox,5
605,23,park_bench,13
794,23,packet,11
142,23,hognose_snake,8
138,23,ringneck_snake,6
313,23,bluetick,6
272,23,English_foxhound,8
333,23,Walker_hound,11
744,23,meat_loaf,9
53,22,screen,10
321,22,Gordon_setter,8
268,22,Brabancon_griffon,7
553,22,patas,6
73,22,gong,9
32,22,can_opener,16
225,22,spaghetti_squash,8
486,22,red_fox,4
165,22,coffeepot,3
622,22,cup,16
521,22,meat_loaf,13
70,22,valley,3
592,21,spotlight,7
456,21,collie,5
666,21,promontory,7
243,21,drumstick,12
198,21,titi,7
435,21,potpie,12
471,21,Lakeland_terrier,7
103,21,green_lizard,3
792,21,valley,15
55,21,thunder_snake,5
42,21,bee_eater,10
343,21,Border_collie,9
234,21,Egyptian_cat,12
240,21,garter_snake,10
659,21,ballpoint,7
366,21,toy_poodle,5
2,21,feather_boa,17
201,20,swab,7
429,20,miniature_poodle,11
212,20,tray,8
242,20,custard_apple,8
477,20,giant_schnauzer,10
419,20,wardrobe,7
670,20,reel,3
381,20,bluetick,14
129,20,ringneck_snake,4
462,20,wallet,8
760,20,poncho,6
724,20,fire_screen,6
701,20,hoopskirt,14
726,20,nematode,9
298,20,cup,6
134,20,hognose_snake,7
555,20,langur,3
305,20,bloodhound,8
693,20,hair_slide,11
568,20,squirrel_monkey,4
6,20,pot,6
79,20,bullfrog,3
686,19,drumstick,9
719,19,viaduct,8
35,19,corkscrew,8
738,19,sunscreen,2
454,19,toilet_seat,10
487,19,safety_pin,5
267,19,Japanese_spaniel,5
552,19,langur,6
671,19,carbonara,8
11,19,anemone_fish,9
0,19,squirrel_monkey,6
228,19,nematode,6
187,19,black_widow,3
117,19,Norfolk_terrier,18
105,19,wardrobe,13
368,19,space_bar,3
339,19,window_shade,10
95,19,whiptail,7
708,18,park_bench,13
550,18,ice_lolly,9
675,18,can_opener,7
720,18,mailbag,5
30,18,EntleBucher,8
688,18,rubber_eraser,4
215,18,patas,10
440,18,Greater_Swiss_Mountain_dog,6
394,18,Lakeland_terrier,7
443,18,cocker_spaniel,7
384,18,giant_schnauzer,3
767,18,wok,2
387,18,Lakeland_terrier,6
466,18,Brabancon_griffon,2
458,18,magnetic_compass,8
629,18,soup_bowl,13
183,18,safety_pin,4
155,18,dishrag,12
102,18,American_chameleon,2
633,18,frying_pan,15
540,18,otter,6
161,18,chainlink_fence,10
303,18,bloodhound,8
433,18,paddle,2
406,18,Newfoundland,6
27,17,safety_pin,5
7,17,candle,11
389,17,soft-coated_wheaten_terrier,12
348,17,goblet,8
93,17,hognose_snake,4
472,17,hand_blower,7
475,17,Great_Pyrenees,6
532,17,pot,6
101,17,chiffonier,5
664,17,water_ouzel,5
655,17,espresso_maker,13
765,17,hoopskirt,12
207,17,Windsor_tie,6
591,17,shovel,13
99,17,centipede,8
576,17,pedestal,7
745,17,lifeboat,8
279,17,Lakeland_terrier,15
150,17,green_mamba,4
239,17,lawn_mower,8
326,17,schooner,6
281,17,Irish_setter,12
273,17,Irish_setter,11
71,17,common_newt,13
290,16,Dutch_oven,3
549,16,capuchin,7
47,16,dial_telephone,8
58,16,beach_wagon,7
307,16,English_foxhound,11
17,16,bolo_tie,13
785,16,spaghetti_squash,5
332,16,Walker_hound,8
597,16,candle,15
195,16,partridge,2
506,16,promontory,3
115,16,frilled_lizard,4
25,16,mailbag,11
88,16,goblet,8
85,16,koala,14
397,16,silky_terrier,2
14,16,hognose_snake,12
342,16,otterhound,6
149,16,green_snake,7
564,16,parallel_bars,7
538,16,gazelle,1
278,16,Shih-Tzu,4
336,16,weasel,7
210,16,Brabancon_griffon,5
241,16,sewing_machine,6
247,16,king_crab,2
373,16,toaster,8
271,15,Shih-Tzu,9
769,15,wooden_spoon,5
696,15,mailbag,8
683,15,ballpoint,3
49,15,green_mamba,5
729,15,breakwater,8
323,15,sea_snake,11
299,15,Airedale,11
788,15,promontory,7
276,15,Bedlington_terrier,7
557,15,paper_towel,4
574,15,squirrel_monkey,4
136,15,quilt,7
489,15,tiger_cat,3
636,15,fire_screen,6
523,15,plow,8
119,15,cinema,7
107,15,whiptail,6
599,15,analog_clock,11
606,15,espresso_maker,9
603,15,park_bench,10
617,15,combination_lock,9
620,15,shopping_basket,11
616,15,beer_bottle,14
578,15,can_opener,10
182,15,fiddler_crab,4
418,15,muzzle,6
434,15,wok,5
203,15,diaper,5
650,15,mobile_home,10
401,15,Sealyham_terrier,5
69,15,European_fire_salamander,4
657,15,printer,5
647,15,balloon,5
245,15,freight_car,9
354,15,grocery_store,7
233,15,plate,6
362,15,Staffordshire_bullterrier,7
764,15,binder,13
777,15,wooden_spoon,5
3,15,butcher_shop,6
806,15,earthstar,8
297,14,Dutch_oven,6
289,14,hammer,6
526,14,bucket,2
518,14,black_widow,6
562,14,boathouse,7
797,14,sweatshirt,11
51,14,colobus,8
778,14,plow,9
736,14,stretcher,13
802,14,packet,8
507,14,hook,6
509,14,mosquito_net,5
250,14,radiator,6
415,14,dishrag,9
416,14,quilt,5
66,14,catamaran,3
370,14,Irish_water_spaniel,5
357,14,kuvasz,8
450,14,Siberian_husky,4
455,14,packet,9
82,14,file,5
704,14,window_shade,4
610,14,plunger,4
547,14,squirrel_monkey,6
114,14,American_alligator,4
425,14,ladle,2
202,14,paddle,6
110,14,agama,10
732,14,hook,4
41,14,wool,12
13,14,spaghetti_squash,7
214,14,quilt,2
111,14,snorkel,7
467,14,Eskimo_dog,3
495,14,pier,7
493,14,Petri_dish,4
766,13,notebook,4
37,13,lampshade,11
733,13,bath_towel,8
725,13,spotlight,4
151,13,chain,10
554,13,dough,6
137,13,banded_gecko,11
28,13,standard_schnauzer,8
747,13,mixing_bowl,4
48,13,indigo_bunting,6
752,13,cassette_player,3
317,13,bluetick,4
525,13,hare,7
344,13,dingo,7
311,13,spotlight,6
341,13,French_horn,10
193,13,Crock_Pot,8
152,13,coffee_mug,5
514,13,combination_lock,11
259,13,screen,7
353,13,sloth_bear,5
358,13,monastery,3
360,13,Airedale,7
412,13,mailbag,8
78,13,axolotl,6
371,13,Kerry_blue_terrier,3
481,13,bib,6
175,13,mouse,7
61,13,cassette_player,5
558,13,paper_towel,2
563,13,hand_blower,7
740,13,shower_curtain,7
651,13,shopping_basket,9
739,13,dishrag,10
160,13,jigsaw_puzzle,7
535,13,altar,7
172,13,analog_clock,7
367,13,toilet_tissu,4
461,13,jaguar,6
179,13,trilobite,5
478,13,night_snake,4
386,13,Lakeland_terrier,8
544,13,wool,9
304,13,Egyptian_cat,8
615,13,bucket,12
700,13,studio_couch,8
679,13,ballpoint,3
94,13,cuirass,5
230,13,toilet_seat,6
685,13,plane,8
608,13,paper_towel,9
308,13,hen-of-the-woods,4
644,13,apron,5
128,13,thunder_snake,3
218,13,nematode,2
213,13,echidna,13
125,13,valley,7
104,13,European_gallinule,9
641,13,apiary,6
786,13,brass,4
302,12,bloodhound,6
300,12,bloodhound,6
296,12,pick,5
346,12,motor_scooter,3
292,12,Afghan_hound,4
293,12,palace,6
572,12,titi,4
463,12,custard_apple,5
385,12,Kerry_blue_terrier,6
249,12,isopod,5
502,12,rhinoceros_beetle,12
382,12,slide_rule,6
598,12,table_lamp,9
587,12,prayer_rug,8
581,12,toy_poodle,5
583,12,eel,7
512,12,cassette_player,4
496,12,leafhopper,6
248,12,king_crab,11
282,12,papillon,10
695,12,apron,8
284,12,drumstick,3
705,12,sewing_machine,6
505,12,bath_towel,4
363,12,planetarium,9
672,12,meat_loaf,6
400,12,leafhopper,8
402,12,English_setter,5
169,12,traffic_light,5
476,12,dishrag,11
174,12,horned_viper,1
627,12,wallet,6
473,12,Lakeland_terrier,7
470,12,keeshond,3
365,12,Kerry_blue_terrier,6
626,12,analog_clock,7
109,12,African_chameleon,5
428,12,vizsla,4
426,12,sea_slug,7
494,12,thresher,7
775,12,motor_scooter,6
652,12,screen,3
204,12,American_egret,8
430,12,stage,5
206,12,diaper,2
776,12,waffle_iron,3
780,12,loudspeaker,5
749,12,pitcher,3
751,12,trifle,8
791,12,punching_bag,9
266,12,Brabancon_griffon,4
314,12,otterhound,7
715,12,barrow,5
761,12,wing,1
709,12,window_screen,3
763,12,tray,8
34,11,combination_lock,5
219,11,hoopskirt,6
750,11,nipple,5
59,11,spotlight,6
316,11,tray,6
438,11,Saluki,4
643,11,sea_anemone,5
642,11,pole,2
123,11,pier,4
312,11,vizsla,7
262,11,space_heater,6
146,11,night_snake,4
524,11,ocarina,4
539,11,chiton,3
270,11,Maltese_dog,4
499,11,long-horned_beetle,5
612,11,park_bench,7
158,11,clumber,8
580,11,indri,5
338,11,Tibetan_mastiff,6
334,11,English_foxhound,10
349,11,otterhound,3
533,11,otter,5
286,11,Airedale,5
135,11,horned_viper,5
565,11,breastplate,8
516,11,lacewing,4
498,11,long-horned_beetle,3
237,11,dishwasher,7
84,11,radiator,4
86,11,plunger,5
479,11,grey_fox,4
453,11,Polaroid_camera,5
166,11,green_mamba,2
226,11,hoopskirt,10
676,11,shoe_shop,4
83,11,computer_keyboard,7
76,11,mud_turtle,5
398,11,hook,2
413,11,giant_schnauzer,4
408,11,iron,3
658,11,prison,4
624,11,knot,7
635,11,analog_clock,3
638,11,consomme,5
623,11,water_jug,10
446,11,Maltese_dog,6
20,11,cup,9
24,11,Polaroid_camera,6
805,11,castle,3
153,11,king_snake,11
31,11,stingray,11
29,11,ballpoint,6
133,10,hand-held_computer,4
529,10,odometer,5
132,10,howler_monkey,7
573,10,squirrel_monkey,3
351,10,dishrag,7
586,10,bathing_cap,6
593,10,analog_clock,4
275,10,soap_dispenser,8
501,10,ballpoint,4
500,10,long-horned_beetle,3
287,10,Cardigan,7
579,10,mongoose,4
607,10,analog_clock,9
596,10,analog_clock,10
46,10,ringneck_snake,4
773,10,hand_blower,5
716,10,pot,7
667,10,waffle_iron,5
45,10,Greater_Swiss_Mountain_dog,7
759,10,ocarina,3
755,10,parallel_bars,3
783,10,mashed_potato,4
649,10,water_jug,2
646,10,water_jug,3
216,10,hoopskirt,8
208,10,espresso,7
39,10,car_wheel,7
38,10,car_wheel,6
260,10,mailbag,6
735,10,caldron,2
537,10,pier,3
145,10,green_mamba,2
277,10,Japanese_spaniel,7
274,10,Maltese_dog,3
541,10,weasel,2
543,10,moving_van,6
224,10,four-poster,8
306,10,bloodhound,9
163,10,crayfish,5
177,10,confectionery,2
176,10,diamondback,4
222,10,packet,4
380,10,Lakeland_terrier,6
229,10,titi,3
703,10,shopping_basket,9
92,10,bucket,6
221,10,ladle,4
167,10,cassette_player,4
396,10,hook,2
421,10,spindle,1
252,10,dock,3
399,10,hoopskirt,2
395,10,hook,4
417,10,clumber,3
484,10,parking_meter,5
444,10,Sussex_spaniel,7
121,10,pillow,4
637,10,analog_clock,8
504,10,Saint_Bernard,5
618,10,computer_keyboard,5
331,10,flute,5
127,9,koala,7
442,9,Welsh_springer_spaniel,6
199,9,packet,3
209,9,ballpoint,4
774,9,space_heater,5
757,9,whistle,3
779,9,spotlight,6
782,9,bottlecap,3
731,9,saltshaker,6
730,9,oxygen_mask,3
717,9,milk_can,3
710,9,fig,5
713,9,potpie,3
40,9,brain_coral,4
5,9,caldron,6
803,9,fire_screen,6
768,9,tow_truck,3
654,9,suit,8
668,9,balance_beam,4
126,9,cash_machine,3
106,9,plate_rack,4
630,9,plate,8
628,9,analog_clock,7
122,9,hammer,5
445,9,Irish_water_spaniel,4
113,9,maze,3
118,9,alligator_lizard,7
673,9,ballpoint,3
388,9,Norwich_terrier,5
231,9,slug,2
379,9,Kerry_blue_terrier,6
691,9,hoopskirt,8
682,9,dishrag,8
694,9,hand-held_computer,4
692,9,washer,5
511,9,soap_dispenser,7
513,9,ringlet,2
452,9,velvet,5
223,9,hoopskirt,6
464,9,buckle,7
414,9,mashed_potato,5
490,9,lynx,3
485,9,pitcher,4
589,9,microphone,5
159,9,soup_bowl,7
322,9,bluetick,7
285,9,drumstick,4
329,9,Walker_hound,3
291,9,Afghan_hound,4
318,9,envelope,4
600,9,bookcase,7
522,9,spindle,3
188,9,crane,5
141,9,valley,4
527,9,safe,3
528,9,ocarina,2
147,9,gown,8
566,9,plow,3
156,9,coffee_mug,9
21,9,hair_slide,8
571,9,oxygen_mask,3
26,8,padlock,3
772,8,cloak,2
561,8,patas,8
57,8,cassette,3
56,8,Staffordshire_bullterrier,6
50,8,bulbul,8
800,8,promontory,2
793,8,bucket,2
164,8,screen,4
503,8,palace,2
585,8,lionfish,3
546,8,coyote,4
548,8,pier,5
534,8,ox,4
762,8,nipple,5
753,8,water_jug,4
613,8,shopping_basket,3
189,8,wolf_spider,3
536,8,sleeping_bag,2
8,8,electric_ray,7
265,8,redbone,2
706,8,slide_rule,2
712,8,window_shade,5
301,8,Shetland_sheepdog,6
36,8,maillot,3
217,8,dishrag,4
648,8,space_heater,2
665,8,sandal,5
420,8,koala,1
355,8,vizsla,3
405,8,hoopskirt,8
404,8,hoopskirt,5
374,8,Irish_water_spaniel,5
645,8,space_shuttle,4
112,8,altar,5
120,8,long-horned_beetle,4
625,8,plunger,3
632,8,mixing_bowl,4
15,8,candle,5
10,8,candle,8
238,8,redbone,6
330,8,Walker_hound,4
328,8,fire_screen,4
345,8,otterhound,3
350,8,otterhound,6
347,8,upright,4
340,8,chain_mail,4
325,8,EntleBucher,6
722,8,baseball,3
734,8,stopwatch,5
16,8,Crock_Pot,5
460,8,barracouta,4
98,8,night_snake,7
542,7,weasel,2
173,7,honeycomb,3
171,7,otterhound,7
621,7,computer_keyboard,6
575,7,spotlight,6
157,7,night_snake,5
19,7,stingray,5
758,7,letter_opener,1
796,7,vase,4
582,7,platypus,5
619,7,analog_clock,4
742,7,swimming_trunks,1
130,7,hermit_crab,5
577,7,potter's_wheel,4
560,7,capuchin,5
799,7,park_bench,5
795,7,ladle,6
531,7,bow_tie,5
192,7,dung_beetle,2
714,7,reel,3
721,7,bakery,3
263,7,running_shoe,3
718,7,wool,3
295,7,Afghan_hound,5
294,7,Afghan_hound,5
315,7,bluetick,7
677,7,table_lamp,5
81,7,hay,6
681,7,combination_lock,6
674,7,window_shade,4
269,7,doormat,6
352,7,cairn,3
244,7,window_shade,4
383,7,soft-coated_wheaten_terrier,4
492,7,mongoose,3
68,7,alligator_lizard,3
77,7,vase,2
80,7,platypus,3
662,7,sewing_machine,5
254,7,espresso_maker,1
409,7,miniature_schnauzer,2
257,7,toilet_seat,2
220,7,dishrag,6
631,7,wok,6
431,7,cup,4
447,7,loupe,2
211,7,shower_cap,2
100,7,pot,3
491,7,analog_clock,5
474,7,crane,4
376,7,ox,5
258,7,hartebeest,5
697,7,electric_guitar,5
403,7,rubber_eraser,6
392,7,kuvasz,6
235,7,dishrag,4
372,7,soap_dispenser,5
422,7,Old_English_sheepdog,3
680,7,medicine_chest,1
324,7,black-and-tan_coonhound,5
33,6,scale,5
790,6,shopping_basket,4
369,6,Bedlington_terrier,3
699,6,vase,5
689,6,safety_pin,2
595,6,analog_clock,5
181,6,king_crab,4
567,6,park_bench,3
570,6,plate_rack,4
743,6,miniature_pinscher,5
748,6,hammerhead,6
52,6,Great_Dane,1
44,6,car_wheel,6
798,6,letter_opener,3
746,6,pier,2
131,6,thunder_snake,4
510,6,cockroach,1
556,6,black_stork,3
569,6,Angora,4
530,6,earthstar,3
611,6,baseball,1
614,6,combination_lock,3
601,6,cash_machine,5
698,6,quilt,2
711,6,orange,3
728,6,silky_terrier,3
337,6,rule,2
804,6,caldron,3
639,6,whistle,3
116,6,barn,3
411,6,potpie,3
256,6,kelpie,3
669,6,reel,2
124,6,African_crocodile,6
634,6,analog_clock,6
393,6,hook,2
390,6,toy_poodle,4
89,6,ladle,2
707,6,matchstick,4
427,6,black-and-tan_coonhound,4
423,6,lampshade,2
205,6,bee_eater,3
108,6,crate,2
640,6,bolete,4
359,6,rubber_eraser,3
410,6,park_bench,3
190,5,swab,3
551,5,ashcan,5
741,5,swimming_trunks,1
787,5,gown,1
789,5,hognose_snake,4
771,5,maillot,4
23,5,strainer,3
584,5,bee_eater,4
756,5,altar,3
178,5,tape_player,2
162,5,espresso_maker,4
508,5,diamondback,5
609,5,radiator,1
545,5,fireboat,4
656,5,strainer,3
180,5,trilobite,5
660,5,punching_bag,1
459,5,barrel,2
451,5,bluetick,3
194,5,black_grouse,2
432,5,custard_apple,2
441,5,soap_dispenser,2
437,5,lighter,2
200,5,patio,2
465,5,bloodhound,3
283,5,vault,2
690,5,analog_clock,5
280,5,spindle,2
232,5,gyromitra,4
378,5,handkerchief,3
96,5,slug,4
91,5,ground_beetle,3
684,5,bow_tie,5
264,5,magnetic_compass,1
801,5,earthstar,2
310,5,dingo,4
261,5,manhole_cover,4
737,5,bath_towel,2
723,5,scabbard,2
12,5,chest,3
1,5,maillot,1
